{
  "lca": {
    "5": {
      "epochs": [
        10,
        20,
        30,
        40,
        50,
        60
      ],
      "train": [
        0.2911330049261084,
        0.6118226600985222,
        0.7004926108374384,
        0.7369458128078817,
        0.7832512315270936,
        0.7807881773399015
      ],
      "val": [
        0.22365130403715613,
        0.5591282600928903,
        0.7002500893176135,
        0.7541979278313683,
        0.737406216505895,
        0.7388352983208288
      ],
      "epochs_run": 68,
      "final_train": 0.7635467980295566,
      "final_val": 0.7041800643086816,
      "best_train": 0.8009852216748768,
      "best_val": 0.7820650232225795,
      "d_hidden": 256,
      "n_heads": 2,
      "n_anchors": 64,
      "lr": null
    },
    "0": {
      "epochs": [
        10,
        20,
        30,
        40,
        50
      ],
      "train": [
        0.23201970443349754,
        0.4270935960591133,
        0.6660098522167488,
        0.7019704433497537,
        0.7167487684729064
      ],
      "val": [
        0.28938906752411575,
        0.375848517327617,
        0.6445158985351911,
        0.6555912826009289,
        0.6738120757413362
      ],
      "epochs_run": 58,
      "final_train": 0.7157635467980296,
      "final_val": 0.6463022508038585,
      "best_train": 0.7285714285714285,
      "best_val": 0.736691675598428,
      "d_hidden": 128,
      "n_heads": 2,
      "n_anchors": 256,
      "lr": null
    },
    "4": {
      "epochs": [
        10,
        20,
        30,
        40
      ],
      "train": [
        0.4142857142857143,
        0.7054187192118226,
        0.7251231527093596,
        0.7423645320197044
      ],
      "val": [
        0.3258306538049303,
        0.6559485530546624,
        0.7063236870310825,
        0.7345480528760272
      ],
      "epochs_run": 46,
      "final_train": 0.7522167487684729,
      "final_val": 0.7041800643086816,
      "best_train": 0.7423645320197044,
      "best_val": 0.7345480528760272,
      "d_hidden": 256,
      "n_heads": 2,
      "n_anchors": 64,
      "lr": null
    },
    "3": {
      "epochs": [
        10,
        20,
        30,
        40
      ],
      "train": [
        0.27241379310344827,
        0.6280788177339901,
        0.6916256157635468,
        0.7266009852216748
      ],
      "val": [
        0.30296534476598785,
        0.5962843872811718,
        0.676670239371204,
        0.6734548052876027
      ],
      "epochs_run": 48,
      "final_train": 0.7295566502463054,
      "final_val": 0.6866738120757413,
      "best_train": 0.7605911330049261,
      "best_val": 0.7120400142908182,
      "d_hidden": 128,
      "n_heads": 2,
      "n_anchors": 256,
      "lr": null
    }
  },
  "lsa": {
    "0": {
      "epochs": [
        10,
        20
      ],
      "train": [
        0.4403940886699507,
        0.6532019704433497
      ],
      "val": [
        0.3590568060021436,
        0.5980707395498392
      ],
      "epochs_run": 24,
      "final_train": 0.6472906403940887,
      "final_val": 0.6348695962843873,
      "best_train": 0.6472906403940887,
      "best_val": 0.6348695962843873,
      "d_hidden": 256,
      "n_heads": 8,
      "n_anchors": 32,
      "lr": null
    },
    "2": {
      "epochs": [
        10,
        20,
        30,
        40
      ],
      "train": [
        0.31822660098522165,
        0.48719211822660097,
        0.44187192118226604,
        0.5354679802955665
      ],
      "val": [
        0.2890317970703823,
        0.4498035012504466,
        0.45016077170418006,
        0.4941050375133976
      ],
      "epochs_run": 42,
      "final_train": 0.5596059113300492,
      "final_val": 0.5612718828152912,
      "best_train": 0.5596059113300492,
      "best_val": 0.5612718828152912,
      "d_hidden": 256,
      "n_heads": 4,
      "n_anchors": 32,
      "lr": null
    },
    "4": {
      "epochs": [
        10,
        20,
        30
      ],
      "train": [
        0.40295566502463054,
        0.43399014778325123,
        0.3866995073891626
      ],
      "val": [
        0.37977849231868527,
        0.4272954626652376,
        0.3844230082172204
      ],
      "epochs_run": 30,
      "final_train": 0.4827586206896552,
      "final_val": 0.49517684887459806,
      "best_train": 0.4827586206896552,
      "best_val": 0.49517684887459806,
      "d_hidden": 256,
      "n_heads": 8,
      "n_anchors": 32,
      "lr": null
    },
    "3": {
      "epochs": [
        10,
        20
      ],
      "train": [
        0.3226600985221675,
        0.3842364532019704
      ],
      "val": [
        0.25187566988210075,
        0.3865666309396213
      ],
      "epochs_run": 29,
      "final_train": 0.4586206896551724,
      "final_val": 0.4662379421221865,
      "best_train": 0.4586206896551724,
      "best_val": 0.4662379421221865,
      "d_hidden": 256,
      "n_heads": 8,
      "n_anchors": 32,
      "lr": null
    }
  }
}